<?xml version="1.0" encoding="UTF-8"?>
<addon id="service.subtitles.rvm.addic7ed"
  name="Addic7ed.com"
  version="3.1.9-pm4k0.2"
  provider-name="Roman V.M., pannal">
<requires>
  <import addon="xbmc.python" version="3.0.0"/>
  <import addon="script.module.beautifulsoup4"/>
  <import addon="script.module.html5lib"/>
  <import addon="script.module.requests"/>
  <import addon="script.module.six"/>
  <import addon="script.module.kodi-six"/>
  <!--<import addon="script.module.web-pdb"/>-->
</requires>
<extension point="xbmc.subtitle.module" library="main.py" />
<extension point="xbmc.addon.metadata">
  <summary lang="en_GB">Addic7ed.com Subtitles</summary>
  <summary lang="ru_RU">Субтитры Addic7ed.com</summary>
  <summary lang="uk_UA">Субтитри Addic7ed.com</summary>
  <summary lang="fr_FR">Sous-titres Addic7ed.com</summary>
  <summary lang="nl_NL">Addic7ed.com Ondertitels</summary>
  <description lang="en_GB">Subtitles service for Addic7ed.com. It supports only TV shows.</description>
  <description lang="ru_RU">Служба субтитров для сайта Addic7ed.com. Служба поддерживает только сериалы.</description>
  <description lang="uk_UA">Служба субтитрів для сайту Addic7ed.com. Служба підтримує лише серіали.</description>
  <description lang="fr_FR">Service de sous-titres pour Addic7ed.com. Fonctionne uniquement pour les séries TV.</description>
  <description lang="nl_NL">Ondertiteling dienst voor Addic7ed.com. Ondersteunt enkel TV series.</description>
  <platform>all</platform>
  <source>https://github.com/romanvm/service.addic7ed</source>
  <website>www.addic7ed.com</website>
  <license>GPL-3.0-only</license>
  <assets>
    <icon>icon.png</icon>
    <fanart>fanart.jpg</fanart>
  </assets>
  <news>3.1.8:
- Performance optimization.

3.1.7:
- Fixed crashes when playing non-medialibrary items.</news>
  <reuselanguageinvoker>true</reuselanguageinvoker>
</extension>
</addon>
