<?xml version="1.0" encoding="UTF-8" standalone="yes"?>
<addon id="repository.royfelplexpremium" name="[COLOR FFff3131]ROYFEL Plex Premium[/COLOR]" version="0.7" provider-name="royfel">
    <extension point="xbmc.addon.repository" name="ROYFEL Plex Premium">
        <dir minversion="18.0">
            <info compressed="false">https://royfel.github.io/pm4k/zips/addons.xml</info>
            <checksum>https://royfel.github.io/pm4k/zips/addons.xml.md5</checksum>
            <datadir zip="true">https://royfel.github.io/pm4k/zips/</datadir>
        </dir>
    </extension>
    <extension point="xbmc.addon.metadata">
        <summary>ROYFEL Plex Premium</summary>
        <description>ROYFEL Plex Premium Kodi Addon</description>
        <disclaimer></disclaimer>
        <platform>all</platform>
        <assets>
            <icon>icon.png</icon>
            <fanart>fanart.png</fanart>
        </assets>
    </extension>
</addon>