<?xml version="1.0" encoding="UTF-8" standalone="yes"?>
<addon id="script.plexmod"
       name="[COLOR FFff3131]ROYFEL Plex Premium[/COLOR]"
       version="0.7.1"
       provider-name="ROYFEL Plex Premium">
    <requires>
        <import addon="xbmc.python" version="3.0.0"/>
        <import addon="script.module.requests" version="2.27.1+matrix.1"/>
        <import addon="script.module.six" version="1.15.0+matrix.1"/>
        <import addon="script.module.kodi-six" version="0.1.3.1" />
    </requires>
    <extension point="xbmc.python.script" library="default.py">
        <provides>video</provides>
    </extension>
    <extension point="xbmc.python.pluginsource" library="plugin.py">
        <provides>executable</provides>
    </extension>
    <extension point="xbmc.service" library="service.py" />
    <extension point="xbmc.addon.metadata">
        <summary lang="en_GB">ROYFEL Plex for Kodi</summary>
        <summary lang="de_DE">ROYFEL Plex für Kodi</summary>
        <summary lang="hu_HU">ROYFEL Plex for Kodi</summary>
        <summary lang="it_IT">ROYFEL Plex per Kodi</summary>
        <summary lang="es_ES">ROYFEL Plex para Kodi</summary>
        <summary lang="ru_RU">ROYFEL Plex for Kodi</summary>
        <description lang="en_GB">Official ROYFEL Plex for Kodi add-on</description>
        <description lang="de_DE">Offizielles ROYFEL Plex für Kodi Addon</description>
        <description lang="hu_HU">Hivatalos ROYFEL Plex for Kodi add-on</description>
        <description lang="it_IT">Addon ufficiale ROYFEL Plex per Kodi</description>
        <description lang="es_ES">Addon oficial ROYFEL Plex para Kodi</description>
        <description lang="fr_FR">Add-on Officiel ROYFEL Plex pour Kodi</description>
        <description lang="ru_RU">Официальный аддон ROYFEL Plex for Kodi</description>
        <license>GPL-2.0-only</license>
        <forum>https://forums.royfel.com</forum>
        <website>https://www.royfel.com</website>
        <source>https://royfel/github.io/pm4k</source>
        <platform>all</platform>
        <news>
            - ROYFEL Plex 0.7.1
        </news>
        <assets>
            <icon>icon.png</icon>
            <fanart>fanart.png</fanart>
        </assets>
    </extension>
</addon>
