<?xml version="1.0" encoding="UTF-8" standalone="yes"?>
<addon id="script.royfelplexmod"
       name="[COLOR green]ROYFEL OTT Premium[/COLOR]"
       version="0.9.0-rev6"
       provider-name="ROYFEL OTT Premium">
    <requires>
        <import addon="xbmc.python" version="3.0.0"/>
        <import addon="script.module.requests" version="2.27.1+matrix.1"/>
        <import addon="script.module.six" version="1.15.0+matrix.1"/>
        <import addon="script.module.kodi-six" version="0.1.3.1" />
    </requires>
    <extension point="xbmc.python.script" library="default.py">
        <provides>video</provides>
    </extension>
    <extension point="xbmc.python.pluginsource" library="plugin.py">
        <provides>executable</provides>
    </extension>
    <extension point="xbmc.service" library="service.py" />
    <extension point="xbmc.addon.metadata">
        <summary lang="en_GB">ROYFEL OTT for Kodi</summary>
        <summary lang="de_DE">ROYFEL OTT für Kodi</summary>
        <summary lang="hu_HU">ROYFEL OTT for Kodi</summary>
        <summary lang="it_IT">ROYFEL OTT per Kodi</summary>
        <summary lang="es_ES">ROYFEL OTT para Kodi</summary>
        <summary lang="ru_RU">ROYFEL OTT for Kodi</summary>
        <description lang="en_GB">Official ROYFEL OTT for Kodi add-on</description>
        <description lang="de_DE">Offizielles ROYFEL OTT für Kodi Addon</description>
        <description lang="hu_HU">Hivatalos ROYFEL OTT for Kodi add-on</description>
        <description lang="it_IT">Addon ufficiale ROYFEL OTT per Kodi</description>
        <description lang="es_ES">Addon oficial ROYFEL OTT para Kodi</description>
        <description lang="fr_FR">Add-on Officiel ROYFEL OTT pour Kodi</description>
        <description lang="ru_RU">Официальный аддон ROYFEL OTT for Kodi</description>
        <license>GPL-2.0-only</license>
        <forum>https://forums.royfel.com</forum>
        <website>https://www.royfel.com</website>
        <source>https://royfel/github.io/rpm4k</source>
        <platform>all</platform>
        <news>
            - ROYFEL OTT 0.9.0-rev6
        </news>
        <assets>
            <icon>icon.png</icon>
            <fanart>fanart.png</fanart>
        </assets>
    </extension>
</addon>
