<?xml version="1.0" encoding="UTF-8" standalone="yes"?>
<addon id="plugin.video.jiotv" name="JioTV" version="1.0.15" provider-name="JioTV">
    <requires>
        <import addon="xbmc.python" version="3.0.0"/>
        <import addon="script.module.codequick" version="1.0.2"/>
        <import addon="script.module.inputstreamhelper" version="0.5.10"/>
        <import addon="inputstream.adaptive" minversion="2.6.6"/>
        <import addon="script.module.m3u8" version="0.5.4"/>
    </requires>
    <extension point="xbmc.python.pluginsource" library="addon.py">
        <provides>video</provides>
    </extension>
    <extension point="xbmc.addon.metadata">
        <assets>
            <icon>resources/icon.png</icon>
            <fanart>resources/icon.png</fanart>
        </assets>
    </extension>
</addon>
