<?xml version="1.0" encoding="UTF-8" standalone="yes"?>
<addon id="repository.royfelmedia" name="[COLOR FFff3131]ROYFEL MEDIA[/COLOR]" version="0.9" provider-name="royfel">
    <extension point="xbmc.addon.repository" name="ROYFEL MEDIA">
        <dir minversion="18.0">
            <info compressed="false">https://royfel.github.io/rpm4k/zips/addons.xml</info>
            <checksum>https://royfel.github.io/rpm4k/zips/addons.xml.md5</checksum>
            <datadir zip="true">https://royfel.github.io/rpm4k/zips/</datadir>
        </dir>
    </extension>
    <extension point="xbmc.addon.metadata">
        <summary>ROYFEL MEDIA</summary>
        <description>ROYFEL MEDIA</description>
        <disclaimer></disclaimer>
        <platform>all</platform>
        <assets>
            <icon>icon.png</icon>
            <fanart>fanart.png</fanart>
        </assets>
    </extension>
</addon>